,,POTATO,CABBAGE,BEETROOT,CARROT
Złota 44,1,0.0,0.0,0.0,0.0
Aleja Komisji Edukacji Narodowej 14,1,0.0,0.0,0.0,0.0
Mińska 25A,1,0.0,0.0,0.0,0.0
Częstochowska 4/6,1,0.0,0.0,0.0,0.0
Ostrobramska 71,1,0.0,0.0,0.0,0.0
Bulwary B. Grzymały Siedleckiego,1,0.0,0.0,0.0,0.0
Sardyńska 1,1,0.0,0.0,0.0,0.0
Pamiętajcie o Ogrodach 4,1,0.0,0.0,0.0,0.0
Gen. Tadeusza Pełczyńskiego 14,1,0.0,0.0,0.0,0.0
Aleja Niepodległości 162,1,0.0,0.0,0.0,0.0
Złota 44,2,41.0,19.0,12.0,30.0
Aleja Komisji Edukacji Narodowej 14,2,41.0,19.0,12.0,29.0
Mińska 25A,2,41.0,19.0,13.0,30.0
Częstochowska 4/6,2,42.0,20.0,11.0,30.0
Ostrobramska 71,2,40.0,19.0,12.0,30.0
Bulwary B. Grzymały Siedleckiego,2,42.0,20.0,11.0,30.0
Sardyńska 1,2,44.0,20.0,10.0,30.0
Pamiętajcie o Ogrodach 4,2,43.0,20.0,12.0,30.0
Gen. Tadeusza Pełczyńskiego 14,2,41.0,18.0,12.0,29.0
Aleja Niepodległości 162,2,42.0,20.0,12.0,30.0
Złota 44,3,41.0,19.0,12.0,30.0
Aleja Komisji Edukacji Narodowej 14,3,41.0,19.0,12.0,29.0
Mińska 25A,3,41.0,19.0,13.0,30.0
Częstochowska 4/6,3,42.0,20.0,11.0,30.0
Ostrobramska 71,3,40.0,19.0,12.0,30.0
Bulwary B. Grzymały Siedleckiego,3,42.0,20.0,11.0,30.0
Sardyńska 1,3,44.0,20.0,10.0,30.0
Pamiętajcie o Ogrodach 4,3,43.0,20.0,12.0,30.0
Gen. Tadeusza Pełczyńskiego 14,3,41.0,18.0,12.0,29.0
Aleja Niepodległości 162,3,42.0,20.0,12.0,30.0
Złota 44,4,41.0,19.0,12.0,30.0
Aleja Komisji Edukacji Narodowej 14,4,41.0,19.0,12.0,29.0
Mińska 25A,4,41.0,19.0,13.0,30.0
Częstochowska 4/6,4,42.0,20.0,11.0,30.0
Ostrobramska 71,4,40.0,19.0,12.0,30.0
Bulwary B. Grzymały Siedleckiego,4,42.0,20.0,11.0,30.0
Sardyńska 1,4,44.0,20.0,10.0,30.0
Pamiętajcie o Ogrodach 4,4,43.0,20.0,12.0,30.0
Gen. Tadeusza Pełczyńskiego 14,4,41.0,18.0,12.0,29.0
Aleja Niepodległości 162,4,42.0,20.0,12.0,30.0
Złota 44,5,41.0,19.0,12.0,30.0
Aleja Komisji Edukacji Narodowej 14,5,41.0,19.0,12.0,29.0
Mińska 25A,5,41.0,19.0,13.0,30.0
Częstochowska 4/6,5,42.0,20.0,11.0,30.0
Ostrobramska 71,5,40.0,19.0,12.0,30.0
Bulwary B. Grzymały Siedleckiego,5,42.0,20.0,11.0,30.0
Sardyńska 1,5,44.0,20.0,10.0,30.0
Pamiętajcie o Ogrodach 4,5,43.0,20.0,12.0,30.0
Gen. Tadeusza Pełczyńskiego 14,5,41.0,18.0,12.0,29.0
Aleja Niepodległości 162,5,42.0,20.0,12.0,30.0
Złota 44,6,41.0,19.0,12.0,30.0
Aleja Komisji Edukacji Narodowej 14,6,41.0,19.0,12.0,29.0
Mińska 25A,6,41.0,19.0,13.0,30.0
Częstochowska 4/6,6,42.0,20.0,11.0,30.0
Ostrobramska 71,6,40.0,19.0,12.0,30.0
Bulwary B. Grzymały Siedleckiego,6,42.0,20.0,11.0,30.0
Sardyńska 1,6,44.0,20.0,10.0,30.0
Pamiętajcie o Ogrodach 4,6,43.0,20.0,12.0,30.0
Gen. Tadeusza Pełczyńskiego 14,6,41.0,18.0,12.0,29.0
Aleja Niepodległości 162,6,42.0,20.0,12.0,30.0
Złota 44,7,41.0,19.0,12.0,30.0
Aleja Komisji Edukacji Narodowej 14,7,41.0,19.0,12.0,29.0
Mińska 25A,7,41.0,19.0,13.0,30.0
Częstochowska 4/6,7,42.0,20.0,11.0,30.0
Ostrobramska 71,7,40.0,19.0,12.0,30.0
Bulwary B. Grzymały Siedleckiego,7,42.0,20.0,11.0,30.0
Sardyńska 1,7,44.0,20.0,10.0,30.0
Pamiętajcie o Ogrodach 4,7,43.0,20.0,12.0,30.0
Gen. Tadeusza Pełczyńskiego 14,7,41.0,18.0,12.0,29.0
Aleja Niepodległości 162,7,42.0,20.0,12.0,30.0
Złota 44,8,41.0,19.0,12.0,30.0
Aleja Komisji Edukacji Narodowej 14,8,41.0,19.0,12.0,29.0
Mińska 25A,8,41.0,19.0,13.0,30.0
Częstochowska 4/6,8,42.0,20.0,11.0,30.0
Ostrobramska 71,8,40.0,19.0,12.0,30.0
Bulwary B. Grzymały Siedleckiego,8,42.0,20.0,11.0,30.0
Sardyńska 1,8,44.0,20.0,10.0,30.0
Pamiętajcie o Ogrodach 4,8,43.0,20.0,12.0,30.0
Gen. Tadeusza Pełczyńskiego 14,8,41.0,18.0,12.0,29.0
Aleja Niepodległości 162,8,42.0,20.0,12.0,30.0
Złota 44,9,41.0,19.0,12.0,30.0
Aleja Komisji Edukacji Narodowej 14,9,41.0,19.0,12.0,29.0
Mińska 25A,9,41.0,19.0,13.0,30.0
Częstochowska 4/6,9,42.0,20.0,11.0,30.0
Ostrobramska 71,9,40.0,19.0,12.0,30.0
Bulwary B. Grzymały Siedleckiego,9,42.0,20.0,11.0,30.0
Sardyńska 1,9,44.0,20.0,10.0,30.0
Pamiętajcie o Ogrodach 4,9,43.0,20.0,12.0,30.0
Gen. Tadeusza Pełczyńskiego 14,9,41.0,18.0,12.0,29.0
Aleja Niepodległości 162,9,42.0,20.0,12.0,30.0
Złota 44,10,41.0,19.0,12.0,30.0
Aleja Komisji Edukacji Narodowej 14,10,41.0,19.0,12.0,29.0
Mińska 25A,10,41.0,19.0,13.0,30.0
Częstochowska 4/6,10,42.0,20.0,11.0,30.0
Ostrobramska 71,10,40.0,19.0,12.0,30.0
Bulwary B. Grzymały Siedleckiego,10,42.0,20.0,11.0,30.0
Sardyńska 1,10,44.0,20.0,10.0,30.0
Pamiętajcie o Ogrodach 4,10,43.0,20.0,12.0,30.0
Gen. Tadeusza Pełczyńskiego 14,10,41.0,18.0,12.0,29.0
Aleja Niepodległości 162,10,42.0,20.0,12.0,30.0
Złota 44,11,41.0,19.0,12.0,30.0
Aleja Komisji Edukacji Narodowej 14,11,41.0,19.0,12.0,29.0
Mińska 25A,11,41.0,19.0,13.0,30.0
Częstochowska 4/6,11,42.0,20.0,11.0,30.0
Ostrobramska 71,11,40.0,19.0,12.0,30.0
Bulwary B. Grzymały Siedleckiego,11,42.0,20.0,11.0,30.0
Sardyńska 1,11,44.0,20.0,10.0,30.0
Pamiętajcie o Ogrodach 4,11,43.0,20.0,12.0,30.0
Gen. Tadeusza Pełczyńskiego 14,11,41.0,18.0,12.0,29.0
Aleja Niepodległości 162,11,42.0,20.0,12.0,30.0
Złota 44,12,41.0,19.0,12.0,30.0
Aleja Komisji Edukacji Narodowej 14,12,41.0,19.0,12.0,29.0
Mińska 25A,12,41.0,19.0,13.0,30.0
Częstochowska 4/6,12,42.0,20.0,11.0,30.0
Ostrobramska 71,12,40.0,19.0,12.0,30.0
Bulwary B. Grzymały Siedleckiego,12,42.0,20.0,11.0,30.0
Sardyńska 1,12,44.0,20.0,10.0,30.0
Pamiętajcie o Ogrodach 4,12,43.0,20.0,12.0,30.0
Gen. Tadeusza Pełczyńskiego 14,12,41.0,18.0,12.0,29.0
Aleja Niepodległości 162,12,42.0,20.0,12.0,30.0
Złota 44,13,41.0,19.0,12.0,30.0
Aleja Komisji Edukacji Narodowej 14,13,41.0,19.0,12.0,29.0
Mińska 25A,13,41.0,19.0,13.0,30.0
Częstochowska 4/6,13,42.0,20.0,11.0,30.0
Ostrobramska 71,13,40.0,19.0,12.0,30.0
Bulwary B. Grzymały Siedleckiego,13,42.0,20.0,11.0,30.0
Sardyńska 1,13,44.0,20.0,10.0,30.0
Pamiętajcie o Ogrodach 4,13,43.0,20.0,12.0,30.0
Gen. Tadeusza Pełczyńskiego 14,13,41.0,18.0,12.0,29.0
Aleja Niepodległości 162,13,42.0,20.0,12.0,30.0
Złota 44,14,41.0,19.0,12.0,30.0
Aleja Komisji Edukacji Narodowej 14,14,41.0,19.0,12.0,29.0
Mińska 25A,14,41.0,19.0,13.0,30.0
Częstochowska 4/6,14,42.0,20.0,11.0,30.0
Ostrobramska 71,14,40.0,19.0,12.0,30.0
Bulwary B. Grzymały Siedleckiego,14,42.0,20.0,11.0,30.0
Sardyńska 1,14,44.0,20.0,10.0,30.0
Pamiętajcie o Ogrodach 4,14,43.0,20.0,12.0,30.0
Gen. Tadeusza Pełczyńskiego 14,14,41.0,18.0,12.0,29.0
Aleja Niepodległości 162,14,42.0,20.0,12.0,30.0
Złota 44,15,41.0,19.0,12.0,30.0
Aleja Komisji Edukacji Narodowej 14,15,41.0,19.0,12.0,29.0
Mińska 25A,15,41.0,19.0,13.0,30.0
Częstochowska 4/6,15,42.0,20.0,11.0,30.0
Ostrobramska 71,15,40.0,19.0,12.0,30.0
Bulwary B. Grzymały Siedleckiego,15,42.0,20.0,11.0,30.0
Sardyńska 1,15,44.0,20.0,10.0,30.0
Pamiętajcie o Ogrodach 4,15,43.0,20.0,12.0,30.0
Gen. Tadeusza Pełczyńskiego 14,15,41.0,18.0,12.0,29.0
Aleja Niepodległości 162,15,42.0,20.0,12.0,30.0
Złota 44,16,41.0,19.0,12.0,30.0
Aleja Komisji Edukacji Narodowej 14,16,41.0,19.0,12.0,29.0
Mińska 25A,16,41.0,19.0,13.0,30.0
Częstochowska 4/6,16,42.0,20.0,11.0,30.0
Ostrobramska 71,16,40.0,19.0,12.0,30.0
Bulwary B. Grzymały Siedleckiego,16,42.0,20.0,11.0,30.0
Sardyńska 1,16,44.0,20.0,10.0,30.0
Pamiętajcie o Ogrodach 4,16,43.0,20.0,12.0,30.0
Gen. Tadeusza Pełczyńskiego 14,16,41.0,18.0,12.0,29.0
Aleja Niepodległości 162,16,42.0,20.0,12.0,30.0
Złota 44,17,41.0,19.0,12.0,30.0
Aleja Komisji Edukacji Narodowej 14,17,41.0,19.0,12.0,29.0
Mińska 25A,17,41.0,19.0,13.0,30.0
Częstochowska 4/6,17,42.0,20.0,11.0,30.0
Ostrobramska 71,17,40.0,19.0,12.0,30.0
Bulwary B. Grzymały Siedleckiego,17,42.0,20.0,11.0,30.0
Sardyńska 1,17,44.0,20.0,10.0,30.0
Pamiętajcie o Ogrodach 4,17,43.0,20.0,12.0,30.0
Gen. Tadeusza Pełczyńskiego 14,17,41.0,18.0,12.0,29.0
Aleja Niepodległości 162,17,42.0,20.0,12.0,30.0
Złota 44,18,41.0,19.0,12.0,30.0
Aleja Komisji Edukacji Narodowej 14,18,41.0,19.0,12.0,29.0
Mińska 25A,18,41.0,19.0,13.0,30.0
Częstochowska 4/6,18,42.0,20.0,11.0,30.0
Ostrobramska 71,18,40.0,19.0,12.0,30.0
Bulwary B. Grzymały Siedleckiego,18,42.0,20.0,11.0,30.0
Sardyńska 1,18,44.0,20.0,10.0,30.0
Pamiętajcie o Ogrodach 4,18,43.0,20.0,12.0,30.0
Gen. Tadeusza Pełczyńskiego 14,18,41.0,18.0,12.0,29.0
Aleja Niepodległości 162,18,42.0,20.0,12.0,30.0
Złota 44,19,41.0,19.0,12.0,30.0
Aleja Komisji Edukacji Narodowej 14,19,41.0,19.0,12.0,29.0
Mińska 25A,19,41.0,19.0,13.0,30.0
Częstochowska 4/6,19,42.0,20.0,11.0,30.0
Ostrobramska 71,19,40.0,19.0,12.0,30.0
Bulwary B. Grzymały Siedleckiego,19,42.0,20.0,11.0,30.0
Sardyńska 1,19,44.0,20.0,10.0,30.0
Pamiętajcie o Ogrodach 4,19,43.0,20.0,12.0,30.0
Gen. Tadeusza Pełczyńskiego 14,19,41.0,18.0,12.0,29.0
Aleja Niepodległości 162,19,42.0,20.0,12.0,30.0
Złota 44,20,41.0,19.0,12.0,30.0
Aleja Komisji Edukacji Narodowej 14,20,41.0,19.0,12.0,29.0
Mińska 25A,20,41.0,19.0,13.0,30.0
Częstochowska 4/6,20,42.0,20.0,11.0,30.0
Ostrobramska 71,20,40.0,19.0,12.0,30.0
Bulwary B. Grzymały Siedleckiego,20,42.0,20.0,11.0,30.0
Sardyńska 1,20,44.0,20.0,10.0,30.0
Pamiętajcie o Ogrodach 4,20,43.0,20.0,12.0,30.0
Gen. Tadeusza Pełczyńskiego 14,20,41.0,18.0,12.0,29.0
Aleja Niepodległości 162,20,42.0,20.0,12.0,30.0
Złota 44,21,41.0,19.0,12.0,30.0
Aleja Komisji Edukacji Narodowej 14,21,41.0,19.0,12.0,29.0
Mińska 25A,21,41.0,19.0,13.0,30.0
Częstochowska 4/6,21,42.0,20.0,11.0,30.0
Ostrobramska 71,21,40.0,19.0,12.0,30.0
Bulwary B. Grzymały Siedleckiego,21,42.0,20.0,11.0,30.0
Sardyńska 1,21,44.0,20.0,10.0,30.0
Pamiętajcie o Ogrodach 4,21,43.0,20.0,12.0,30.0
Gen. Tadeusza Pełczyńskiego 14,21,41.0,18.0,12.0,29.0
Aleja Niepodległości 162,21,42.0,20.0,12.0,30.0
Złota 44,22,41.0,19.0,12.0,30.0
Aleja Komisji Edukacji Narodowej 14,22,41.0,19.0,12.0,29.0
Mińska 25A,22,41.0,19.0,13.0,30.0
Częstochowska 4/6,22,42.0,20.0,11.0,30.0
Ostrobramska 71,22,40.0,19.0,12.0,30.0
Bulwary B. Grzymały Siedleckiego,22,42.0,20.0,11.0,30.0
Sardyńska 1,22,44.0,20.0,10.0,30.0
Pamiętajcie o Ogrodach 4,22,43.0,20.0,12.0,30.0
Gen. Tadeusza Pełczyńskiego 14,22,41.0,18.0,12.0,29.0
Aleja Niepodległości 162,22,42.0,20.0,12.0,30.0
Złota 44,23,41.0,19.0,12.0,30.0
Aleja Komisji Edukacji Narodowej 14,23,41.0,19.0,12.0,29.0
Mińska 25A,23,41.0,19.0,13.0,30.0
Częstochowska 4/6,23,42.0,20.0,11.0,30.0
Ostrobramska 71,23,40.0,19.0,12.0,30.0
Bulwary B. Grzymały Siedleckiego,23,42.0,20.0,11.0,30.0
Sardyńska 1,23,44.0,20.0,10.0,30.0
Pamiętajcie o Ogrodach 4,23,43.0,20.0,12.0,30.0
Gen. Tadeusza Pełczyńskiego 14,23,41.0,18.0,12.0,29.0
Aleja Niepodległości 162,23,42.0,20.0,12.0,30.0
Złota 44,24,41.0,19.0,12.0,30.0
Aleja Komisji Edukacji Narodowej 14,24,41.0,19.0,12.0,29.0
Mińska 25A,24,41.0,19.0,13.0,30.0
Częstochowska 4/6,24,42.0,20.0,11.0,30.0
Ostrobramska 71,24,40.0,19.0,12.0,30.0
Bulwary B. Grzymały Siedleckiego,24,42.0,20.0,11.0,30.0
Sardyńska 1,24,44.0,20.0,10.0,30.0
Pamiętajcie o Ogrodach 4,24,43.0,20.0,12.0,30.0
Gen. Tadeusza Pełczyńskiego 14,24,41.0,18.0,12.0,29.0
Aleja Niepodległości 162,24,42.0,20.0,12.0,30.0
Złota 44,25,41.0,19.0,12.0,30.0
Aleja Komisji Edukacji Narodowej 14,25,41.0,19.0,12.0,29.0
Mińska 25A,25,41.0,19.0,13.0,30.0
Częstochowska 4/6,25,42.0,20.0,11.0,30.0
Ostrobramska 71,25,40.0,19.0,12.0,30.0
Bulwary B. Grzymały Siedleckiego,25,42.0,20.0,11.0,30.0
Sardyńska 1,25,44.0,20.0,10.0,30.0
Pamiętajcie o Ogrodach 4,25,43.0,20.0,12.0,30.0
Gen. Tadeusza Pełczyńskiego 14,25,41.0,18.0,12.0,29.0
Aleja Niepodległości 162,25,42.0,20.0,12.0,30.0
Złota 44,26,41.0,19.0,12.0,30.0
Aleja Komisji Edukacji Narodowej 14,26,41.0,19.0,12.0,29.0
Mińska 25A,26,41.0,19.0,13.0,30.0
Częstochowska 4/6,26,42.0,20.0,11.0,30.0
Ostrobramska 71,26,40.0,19.0,12.0,30.0
Bulwary B. Grzymały Siedleckiego,26,42.0,20.0,11.0,30.0
Sardyńska 1,26,44.0,20.0,10.0,30.0
Pamiętajcie o Ogrodach 4,26,43.0,20.0,12.0,30.0
Gen. Tadeusza Pełczyńskiego 14,26,41.0,18.0,12.0,29.0
Aleja Niepodległości 162,26,42.0,20.0,12.0,30.0
Złota 44,27,41.0,19.0,12.0,30.0
Aleja Komisji Edukacji Narodowej 14,27,41.0,19.0,12.0,29.0
Mińska 25A,27,41.0,19.0,13.0,30.0
Częstochowska 4/6,27,42.0,20.0,11.0,30.0
Ostrobramska 71,27,40.0,19.0,12.0,30.0
Bulwary B. Grzymały Siedleckiego,27,42.0,20.0,11.0,30.0
Sardyńska 1,27,44.0,20.0,10.0,30.0
Pamiętajcie o Ogrodach 4,27,43.0,20.0,12.0,30.0
Gen. Tadeusza Pełczyńskiego 14,27,41.0,18.0,12.0,29.0
Aleja Niepodległości 162,27,42.0,20.0,12.0,30.0
Złota 44,28,41.0,19.0,12.0,30.0
Aleja Komisji Edukacji Narodowej 14,28,41.0,19.0,12.0,29.0
Mińska 25A,28,41.0,19.0,13.0,30.0
Częstochowska 4/6,28,42.0,20.0,11.0,30.0
Ostrobramska 71,28,40.0,19.0,12.0,30.0
Bulwary B. Grzymały Siedleckiego,28,42.0,20.0,11.0,30.0
Sardyńska 1,28,44.0,20.0,10.0,30.0
Pamiętajcie o Ogrodach 4,28,43.0,20.0,12.0,30.0
Gen. Tadeusza Pełczyńskiego 14,28,41.0,18.0,12.0,29.0
Aleja Niepodległości 162,28,42.0,20.0,12.0,30.0
Złota 44,29,41.0,19.0,12.0,30.0
Aleja Komisji Edukacji Narodowej 14,29,41.0,19.0,12.0,29.0
Mińska 25A,29,41.0,19.0,13.0,30.0
Częstochowska 4/6,29,42.0,20.0,11.0,30.0
Ostrobramska 71,29,40.0,19.0,12.0,30.0
Bulwary B. Grzymały Siedleckiego,29,42.0,20.0,11.0,30.0
Sardyńska 1,29,44.0,20.0,10.0,30.0
Pamiętajcie o Ogrodach 4,29,43.0,20.0,12.0,30.0
Gen. Tadeusza Pełczyńskiego 14,29,41.0,18.0,12.0,29.0
Aleja Niepodległości 162,29,42.0,20.0,12.0,30.0
Złota 44,30,41.0,19.0,12.0,30.0
Aleja Komisji Edukacji Narodowej 14,30,41.0,19.0,12.0,29.0
Mińska 25A,30,41.0,19.0,13.0,30.0
Częstochowska 4/6,30,42.0,20.0,11.0,30.0
Ostrobramska 71,30,40.0,19.0,12.0,30.0
Bulwary B. Grzymały Siedleckiego,30,42.0,20.0,11.0,30.0
Sardyńska 1,30,44.0,20.0,10.0,30.0
Pamiętajcie o Ogrodach 4,30,43.0,20.0,12.0,30.0
Gen. Tadeusza Pełczyńskiego 14,30,41.0,18.0,12.0,29.0
Aleja Niepodległości 162,30,42.0,20.0,12.0,30.0
Złota 44,31,41.0,19.0,12.0,30.0
Aleja Komisji Edukacji Narodowej 14,31,41.0,19.0,12.0,29.0
Mińska 25A,31,41.0,19.0,13.0,30.0
Częstochowska 4/6,31,42.0,20.0,11.0,30.0
Ostrobramska 71,31,40.0,19.0,12.0,30.0
Bulwary B. Grzymały Siedleckiego,31,42.0,20.0,11.0,30.0
Sardyńska 1,31,44.0,20.0,10.0,30.0
Pamiętajcie o Ogrodach 4,31,43.0,20.0,12.0,30.0
Gen. Tadeusza Pełczyńskiego 14,31,41.0,18.0,12.0,29.0
Aleja Niepodległości 162,31,42.0,20.0,12.0,30.0
Złota 44,32,41.0,19.0,12.0,30.0
Aleja Komisji Edukacji Narodowej 14,32,41.0,19.0,12.0,29.0
Mińska 25A,32,41.0,19.0,13.0,30.0
Częstochowska 4/6,32,42.0,20.0,11.0,30.0
Ostrobramska 71,32,40.0,19.0,12.0,30.0
Bulwary B. Grzymały Siedleckiego,32,42.0,20.0,11.0,30.0
Sardyńska 1,32,44.0,20.0,10.0,30.0
Pamiętajcie o Ogrodach 4,32,43.0,20.0,12.0,30.0
Gen. Tadeusza Pełczyńskiego 14,32,41.0,18.0,12.0,29.0
Aleja Niepodległości 162,32,42.0,20.0,12.0,30.0
Złota 44,33,41.0,19.0,12.0,30.0
Aleja Komisji Edukacji Narodowej 14,33,41.0,19.0,12.0,29.0
Mińska 25A,33,41.0,19.0,13.0,30.0
Częstochowska 4/6,33,42.0,20.0,11.0,30.0
Ostrobramska 71,33,40.0,19.0,12.0,30.0
Bulwary B. Grzymały Siedleckiego,33,42.0,20.0,11.0,30.0
Sardyńska 1,33,44.0,20.0,10.0,30.0
Pamiętajcie o Ogrodach 4,33,43.0,20.0,12.0,30.0
Gen. Tadeusza Pełczyńskiego 14,33,41.0,18.0,12.0,29.0
Aleja Niepodległości 162,33,42.0,20.0,12.0,30.0
Złota 44,34,41.0,19.0,12.0,30.0
Aleja Komisji Edukacji Narodowej 14,34,41.0,19.0,12.0,29.0
Mińska 25A,34,41.0,19.0,13.0,30.0
Częstochowska 4/6,34,42.0,20.0,11.0,30.0
Ostrobramska 71,34,40.0,19.0,12.0,30.0
Bulwary B. Grzymały Siedleckiego,34,42.0,20.0,11.0,30.0
Sardyńska 1,34,44.0,20.0,10.0,30.0
Pamiętajcie o Ogrodach 4,34,43.0,20.0,12.0,30.0
Gen. Tadeusza Pełczyńskiego 14,34,41.0,18.0,12.0,29.0
Aleja Niepodległości 162,34,42.0,20.0,12.0,30.0
Złota 44,35,41.0,19.0,12.0,30.0
Aleja Komisji Edukacji Narodowej 14,35,41.0,19.0,12.0,29.0
Mińska 25A,35,41.0,19.0,13.0,30.0
Częstochowska 4/6,35,42.0,20.0,11.0,30.0
Ostrobramska 71,35,40.0,19.0,12.0,30.0
Bulwary B. Grzymały Siedleckiego,35,42.0,20.0,11.0,30.0
Sardyńska 1,35,44.0,20.0,10.0,30.0
Pamiętajcie o Ogrodach 4,35,43.0,20.0,12.0,30.0
Gen. Tadeusza Pełczyńskiego 14,35,41.0,18.0,12.0,29.0
Aleja Niepodległości 162,35,42.0,20.0,12.0,30.0
Złota 44,36,41.0,19.0,12.0,30.0
Aleja Komisji Edukacji Narodowej 14,36,41.0,19.0,12.0,29.0
Mińska 25A,36,41.0,19.0,13.0,30.0
Częstochowska 4/6,36,42.0,20.0,11.0,30.0
Ostrobramska 71,36,40.0,19.0,12.0,30.0
Bulwary B. Grzymały Siedleckiego,36,42.0,20.0,11.0,30.0
Sardyńska 1,36,44.0,20.0,10.0,30.0
Pamiętajcie o Ogrodach 4,36,43.0,20.0,12.0,30.0
Gen. Tadeusza Pełczyńskiego 14,36,41.0,18.0,12.0,29.0
Aleja Niepodległości 162,36,42.0,20.0,12.0,30.0
Złota 44,37,41.0,19.0,12.0,30.0
Aleja Komisji Edukacji Narodowej 14,37,41.0,19.0,12.0,29.0
Mińska 25A,37,41.0,19.0,13.0,30.0
Częstochowska 4/6,37,42.0,20.0,11.0,30.0
Ostrobramska 71,37,40.0,19.0,12.0,30.0
Bulwary B. Grzymały Siedleckiego,37,42.0,20.0,11.0,30.0
Sardyńska 1,37,44.0,20.0,10.0,30.0
Pamiętajcie o Ogrodach 4,37,43.0,20.0,12.0,30.0
Gen. Tadeusza Pełczyńskiego 14,37,41.0,18.0,12.0,29.0
Aleja Niepodległości 162,37,42.0,20.0,12.0,30.0
Złota 44,38,41.0,19.0,12.0,30.0
Aleja Komisji Edukacji Narodowej 14,38,41.0,19.0,12.0,29.0
Mińska 25A,38,41.0,19.0,13.0,30.0
Częstochowska 4/6,38,42.0,20.0,11.0,30.0
Ostrobramska 71,38,40.0,19.0,12.0,30.0
Bulwary B. Grzymały Siedleckiego,38,42.0,20.0,11.0,30.0
Sardyńska 1,38,44.0,20.0,10.0,30.0
Pamiętajcie o Ogrodach 4,38,43.0,20.0,12.0,30.0
Gen. Tadeusza Pełczyńskiego 14,38,41.0,18.0,12.0,29.0
Aleja Niepodległości 162,38,42.0,20.0,12.0,30.0
Złota 44,39,41.0,19.0,12.0,30.0
Aleja Komisji Edukacji Narodowej 14,39,41.0,19.0,12.0,29.0
Mińska 25A,39,41.0,19.0,13.0,30.0
Częstochowska 4/6,39,42.0,20.0,11.0,30.0
Ostrobramska 71,39,40.0,19.0,12.0,30.0
Bulwary B. Grzymały Siedleckiego,39,42.0,20.0,11.0,30.0
Sardyńska 1,39,44.0,20.0,10.0,30.0
Pamiętajcie o Ogrodach 4,39,43.0,20.0,12.0,30.0
Gen. Tadeusza Pełczyńskiego 14,39,41.0,18.0,12.0,29.0
Aleja Niepodległości 162,39,42.0,20.0,12.0,30.0
Złota 44,40,41.0,19.0,12.0,30.0
Aleja Komisji Edukacji Narodowej 14,40,41.0,19.0,12.0,29.0
Mińska 25A,40,41.0,19.0,13.0,30.0
Częstochowska 4/6,40,42.0,20.0,11.0,30.0
Ostrobramska 71,40,40.0,19.0,12.0,30.0
Bulwary B. Grzymały Siedleckiego,40,42.0,20.0,11.0,30.0
Sardyńska 1,40,44.0,20.0,10.0,30.0
Pamiętajcie o Ogrodach 4,40,43.0,20.0,12.0,30.0
Gen. Tadeusza Pełczyńskiego 14,40,41.0,18.0,12.0,29.0
Aleja Niepodległości 162,40,42.0,20.0,12.0,30.0
Złota 44,41,41.0,19.0,12.0,30.0
Aleja Komisji Edukacji Narodowej 14,41,41.0,19.0,12.0,29.0
Mińska 25A,41,41.0,19.0,13.0,30.0
Częstochowska 4/6,41,42.0,20.0,11.0,30.0
Ostrobramska 71,41,40.0,19.0,12.0,30.0
Bulwary B. Grzymały Siedleckiego,41,42.0,20.0,11.0,30.0
Sardyńska 1,41,44.0,20.0,10.0,30.0
Pamiętajcie o Ogrodach 4,41,43.0,20.0,12.0,30.0
Gen. Tadeusza Pełczyńskiego 14,41,41.0,18.0,12.0,29.0
Aleja Niepodległości 162,41,42.0,20.0,12.0,30.0
Złota 44,42,41.0,19.0,12.0,30.0
Aleja Komisji Edukacji Narodowej 14,42,41.0,19.0,12.0,29.0
Mińska 25A,42,41.0,19.0,13.0,30.0
Częstochowska 4/6,42,42.0,20.0,11.0,30.0
Ostrobramska 71,42,40.0,19.0,12.0,30.0
Bulwary B. Grzymały Siedleckiego,42,42.0,20.0,11.0,30.0
Sardyńska 1,42,44.0,20.0,10.0,30.0
Pamiętajcie o Ogrodach 4,42,43.0,20.0,12.0,30.0
Gen. Tadeusza Pełczyńskiego 14,42,41.0,18.0,12.0,29.0
Aleja Niepodległości 162,42,42.0,20.0,12.0,30.0
Złota 44,43,41.0,19.0,12.0,30.0
Aleja Komisji Edukacji Narodowej 14,43,41.0,19.0,12.0,29.0
Mińska 25A,43,41.0,19.0,13.0,30.0
Częstochowska 4/6,43,42.0,20.0,11.0,30.0
Ostrobramska 71,43,40.0,19.0,12.0,30.0
Bulwary B. Grzymały Siedleckiego,43,42.0,20.0,11.0,30.0
Sardyńska 1,43,44.0,20.0,10.0,30.0
Pamiętajcie o Ogrodach 4,43,43.0,20.0,12.0,30.0
Gen. Tadeusza Pełczyńskiego 14,43,41.0,18.0,12.0,29.0
Aleja Niepodległości 162,43,42.0,20.0,12.0,30.0
Złota 44,44,41.0,19.0,12.0,30.0
Aleja Komisji Edukacji Narodowej 14,44,41.0,19.0,12.0,29.0
Mińska 25A,44,41.0,19.0,13.0,30.0
Częstochowska 4/6,44,42.0,20.0,11.0,30.0
Ostrobramska 71,44,40.0,19.0,12.0,30.0
Bulwary B. Grzymały Siedleckiego,44,42.0,20.0,11.0,30.0
Sardyńska 1,44,44.0,20.0,10.0,30.0
Pamiętajcie o Ogrodach 4,44,43.0,20.0,12.0,30.0
Gen. Tadeusza Pełczyńskiego 14,44,41.0,18.0,12.0,29.0
Aleja Niepodległości 162,44,42.0,20.0,12.0,30.0
Złota 44,45,41.0,19.0,12.0,30.0
Aleja Komisji Edukacji Narodowej 14,45,41.0,19.0,12.0,29.0
Mińska 25A,45,41.0,19.0,13.0,30.0
Częstochowska 4/6,45,42.0,20.0,11.0,30.0
Ostrobramska 71,45,40.0,19.0,12.0,30.0
Bulwary B. Grzymały Siedleckiego,45,42.0,20.0,11.0,30.0
Sardyńska 1,45,44.0,20.0,10.0,30.0
Pamiętajcie o Ogrodach 4,45,43.0,20.0,12.0,30.0
Gen. Tadeusza Pełczyńskiego 14,45,41.0,18.0,12.0,29.0
Aleja Niepodległości 162,45,42.0,20.0,12.0,30.0
Złota 44,46,41.0,19.0,12.0,30.0
Aleja Komisji Edukacji Narodowej 14,46,41.0,19.0,12.0,29.0
Mińska 25A,46,41.0,19.0,13.0,30.0
Częstochowska 4/6,46,42.0,20.0,11.0,30.0
Ostrobramska 71,46,40.0,19.0,12.0,30.0
Bulwary B. Grzymały Siedleckiego,46,42.0,20.0,11.0,30.0
Sardyńska 1,46,44.0,20.0,10.0,30.0
Pamiętajcie o Ogrodach 4,46,43.0,20.0,12.0,30.0
Gen. Tadeusza Pełczyńskiego 14,46,41.0,18.0,12.0,29.0
Aleja Niepodległości 162,46,42.0,20.0,12.0,30.0
Złota 44,47,41.0,19.0,12.0,30.0
Aleja Komisji Edukacji Narodowej 14,47,41.0,19.0,12.0,29.0
Mińska 25A,47,41.0,19.0,13.0,30.0
Częstochowska 4/6,47,42.0,20.0,11.0,30.0
Ostrobramska 71,47,40.0,19.0,12.0,30.0
Bulwary B. Grzymały Siedleckiego,47,42.0,20.0,11.0,30.0
Sardyńska 1,47,44.0,20.0,10.0,30.0
Pamiętajcie o Ogrodach 4,47,43.0,20.0,12.0,30.0
Gen. Tadeusza Pełczyńskiego 14,47,41.0,18.0,12.0,29.0
Aleja Niepodległości 162,47,42.0,20.0,12.0,30.0
Złota 44,48,41.0,19.0,12.0,30.0
Aleja Komisji Edukacji Narodowej 14,48,41.0,19.0,12.0,29.0
Mińska 25A,48,41.0,19.0,13.0,30.0
Częstochowska 4/6,48,42.0,20.0,11.0,30.0
Ostrobramska 71,48,40.0,19.0,12.0,30.0
Bulwary B. Grzymały Siedleckiego,48,42.0,20.0,11.0,30.0
Sardyńska 1,48,44.0,20.0,10.0,30.0
Pamiętajcie o Ogrodach 4,48,43.0,20.0,12.0,30.0
Gen. Tadeusza Pełczyńskiego 14,48,41.0,18.0,12.0,29.0
Aleja Niepodległości 162,48,42.0,20.0,12.0,30.0
Złota 44,49,41.0,19.0,12.0,30.0
Aleja Komisji Edukacji Narodowej 14,49,41.0,19.0,12.0,29.0
Mińska 25A,49,41.0,19.0,13.0,30.0
Częstochowska 4/6,49,42.0,20.0,11.0,30.0
Ostrobramska 71,49,40.0,19.0,12.0,30.0
Bulwary B. Grzymały Siedleckiego,49,42.0,20.0,11.0,30.0
Sardyńska 1,49,44.0,20.0,10.0,30.0
Pamiętajcie o Ogrodach 4,49,43.0,20.0,12.0,30.0
Gen. Tadeusza Pełczyńskiego 14,49,41.0,18.0,12.0,29.0
Aleja Niepodległości 162,49,42.0,20.0,12.0,30.0
Złota 44,50,41.0,19.0,12.0,30.0
Aleja Komisji Edukacji Narodowej 14,50,41.0,19.0,12.0,29.0
Mińska 25A,50,41.0,19.0,13.0,30.0
Częstochowska 4/6,50,42.0,20.0,11.0,30.0
Ostrobramska 71,50,40.0,19.0,12.0,30.0
Bulwary B. Grzymały Siedleckiego,50,42.0,20.0,11.0,30.0
Sardyńska 1,50,44.0,20.0,10.0,30.0
Pamiętajcie o Ogrodach 4,50,43.0,20.0,12.0,30.0
Gen. Tadeusza Pełczyńskiego 14,50,41.0,18.0,12.0,29.0
Aleja Niepodległości 162,50,42.0,20.0,12.0,30.0
Złota 44,51,41.0,19.0,12.0,30.0
Aleja Komisji Edukacji Narodowej 14,51,41.0,19.0,12.0,29.0
Mińska 25A,51,41.0,19.0,13.0,30.0
Częstochowska 4/6,51,42.0,20.0,11.0,30.0
Ostrobramska 71,51,40.0,19.0,12.0,30.0
Bulwary B. Grzymały Siedleckiego,51,42.0,20.0,11.0,30.0
Sardyńska 1,51,44.0,20.0,10.0,30.0
Pamiętajcie o Ogrodach 4,51,43.0,20.0,12.0,30.0
Gen. Tadeusza Pełczyńskiego 14,51,41.0,18.0,12.0,29.0
Aleja Niepodległości 162,51,42.0,20.0,12.0,30.0
Złota 44,52,41.0,19.0,12.0,30.0
Aleja Komisji Edukacji Narodowej 14,52,41.0,19.0,12.0,29.0
Mińska 25A,52,41.0,19.0,13.0,30.0
Częstochowska 4/6,52,42.0,20.0,11.0,30.0
Ostrobramska 71,52,40.0,19.0,12.0,30.0
Bulwary B. Grzymały Siedleckiego,52,42.0,20.0,11.0,30.0
Sardyńska 1,52,44.0,20.0,10.0,30.0
Pamiętajcie o Ogrodach 4,52,43.0,20.0,12.0,30.0
Gen. Tadeusza Pełczyńskiego 14,52,41.0,18.0,12.0,29.0
Aleja Niepodległości 162,52,42.0,20.0,12.0,30.0
